神風(かみかぜ),神風型 1番艦 駆逐艦,神風(かみかぜ),12,5 / 17,39 / 80,0,高速,短,15,5 / 28,12 / 36,5 / 26,20 / 60,5 / 18,30 / 79,15,12cm単装砲,53cm連装魚雷,装備不可,装備不可
神風 改(かみかぜ),神風型 1番艦 駆逐艦,神風 改(かみかぜ),23,-- / 38,60 / 98,0,高速,短,15,8 / 41,14 / 68,14 / 48,24 / 70,7 / 42,40 / 99,15,12cm単装砲,53cm連装魚雷,22号対水上電探,装備不可
朝風(あさかぜ),神風型 2番艦 駆逐艦,朝風(あさかぜ),12,5 / 17,37 / 72,0,高速,短,15,5 / 29,12 / 37,6 / 27,17 / 55,6 / 19,13 / 72,15,12cm単装砲,53cm連装魚雷,装備不可,装備不可
朝風 改(あさかぜ),神風型 2番艦 駆逐艦,朝風 改(あさかぜ),23,-- / 37,50 / 88,0,高速,短,15,-- / 42,-- / 69,-- / 52,18 / 68,9 / 47,14 / 88,15,12cm単装砲,53cm連装魚雷,九四式爆雷投射機,装備不可
春風(はるかぜ),神風型 3番艦 駆逐艦,春風(はるかぜ),12,5 / 17,38 / 74,0,高速,短,15,5 / 27,12 / 36,6 / 28,18 / 56,4 / 17,25 / 74,15,12cm単装砲,53cm連装魚雷,装備不可,装備不可
春風 改(はるかぜ),神風型 3番艦 駆逐艦,春風 改(はるかぜ),23,-- / 38,55 / 90,0,高速,短,15,-- / 38,-- / 68,-- / 56,22 / 72,8 / 45,30 / 89,15,12cm単装砲,53cm連装魚雷,25mm連装機銃,装備不可
松風(まつかぜ),神風型 4番艦 駆逐艦,松風(まつかぜ),12,5 / 17,36 / 73,0,高速,短,15,5 / 28,12 / 38,5 / 25,21 / 62,4 / 18,12 / 70,15,12cm単装砲,53cm連装魚雷,装備不可,装備不可
松風 改(まつかぜ),神風型 4番艦 駆逐艦,松風 改(まつかぜ),23,-- / 37,49 / 87,0,高速,短,15,-- / 39,-- / 68,-- / 50,20 / 70,9 / 47,12 / 84,15,12cm単装砲,九三式水中聴音機,九四式爆雷投射機,装備不可
旗風(はたかぜ),神風型 5番艦 駆逐艦,旗風(はたかぜ),12,5 / 17,37 / 75,0,高速,短,15,5 / 29,12 / 36,5 / 24,17 / 56,4 / 17,17 / 73,15,12cm単装砲,53cm連装魚雷,装備不可,装備不可
旗風 改(はたかぜ),神風型 5番艦 駆逐艦,旗風 改(はたかぜ),23,-- / 37,51 / 89,0,高速,短,15,-- / 40,-- / 68,-- / 51,21 / 70,8 / 46,18 / 86,15,12cm単装砲,九三式水中聴音機,九四式爆雷投射機,装備不可
睦月(むつき),睦月型 1番艦 駆逐艦,睦月(むつき),13,5 / 18,37 / 79,0,高速,短,15,6 / 29,18 / 59,7 / 29,16 / 39,4 / 17,12 / 49,15,12cm単装砲,7.7mm機銃,装備不可,装備不可
睦月 改(むつき),睦月型 1番艦 駆逐艦,睦月 改(むつき),24,-- / 39,40 / 89,0,高速,短,15,-- / 39,-- / 69,-- / 39,18 / 59,6 / 39,12 / 59,15,12cm単装高角砲,61cm三連装魚雷,未装備,装備不可
睦月 改二(むつき),睦月型 1番艦 駆逐艦,睦月 改二(むつき),27,-- / 43,51 / 90,0,高速,短,15,10 / 45,28 / 79,16 / 56,28 / 69,8 / 43,14 / 64,15,12.7cm連装高角砲(後期型),61cm三連装(酸素)魚雷,強化型艦本式缶,装備不可
如月(きさらぎ),睦月型 2番艦 駆逐艦,如月(きさらぎ),13,5 / 18,37 / 69,0,高速,短,15,6 / 29,18 / 49,7 / 29,16 / 39,4 / 17,10 / 49,15,12cm単装砲,未装備,装備不可,装備不可
如月 改(きさらぎ),睦月型 2番艦 駆逐艦,如月 改(きさらぎ),24,-- / 39,40 / 89,0,高速,短,15,-- / 39,-- / 69,-- / 39,18 / 59,6 / 39,12 / 59,15,12cm単装高角砲,61cm三連装魚雷,未装備,装備不可
如月 改二(きさらぎ),睦月型 2番艦 駆逐艦,如月 改二(きさらぎ),27,-- / 43,50 / 91,0,高速,短,15,10 / 46,28 / 80,18 / 57,27 / 69,9 / 44,13 / 60,15,12.7cm連装高角砲(後期型),61cm三連装(酸素)魚雷,強化型艦本式缶,装備不可
弥生(やよい),睦月型 3番艦 駆逐艦,弥生(やよい),13,5 / 18,37 / 69,0,高速,短,15,6 / 29,18 / 49,7 / 29,16 / 39,4 / 17,10 / 49,15,12cm単装砲,未装備,装備不可,装備不可
弥生 改(やよい),睦月型 3番艦 駆逐艦,弥生 改(やよい),24,-- / 39,40 / 89,0,高速,短,15,-- / 39,-- / 69,-- / 39,18 / 59,6 / 39,12 / 59,15,12cm単装高角砲,61cm三連装魚雷,未装備,装備不可
卯月(うづき),睦月型 4番艦 駆逐艦,卯月(うづき),13,5 / 18,37 / 69,0,高速,短,15,6 / 29,18 / 49,7 / 29,16 / 39,4 / 17,10 / 49,15,12cm単装砲,未装備,装備不可,装備不可
卯月 改(うづき),睦月型 4番艦 駆逐艦,卯月 改(うづき),24,-- / 39,40 / 89,0,高速,短,15,-- / 34,-- / 69,-- / 49,21 / 65,6 / 39,14 / 59,15,25mm三連装機銃,25mm連装機銃,13号対空電探,装備不可
皐月(さつき),睦月型 5番艦 駆逐艦,皐月(さつき),13,5 / 18,37 / 69,0,高速,短,15,6 / 29,18 / 49,7 / 29,16 / 39,4 / 17,10 / 49,15,12cm単装砲,未装備,装備不可,装備不可
皐月 改(さつき),睦月型 5番艦 駆逐艦,皐月 改(さつき),24,-- / 39,40 / 89,0,高速,短,15,-- / 39,-- / 69,-- / 39,18 / 59,6 / 39,12 / 59,15,12cm単装高角砲,61cm三連装魚雷,未装備,装備不可
皐月 改二(さつき),睦月型 5番艦 駆逐艦,皐月 改二(さつき),28,-- / 45,60 / 96,0,高速,短,15,8 / 42,27 / 78,40 / 82,30 / 81,10 / 45,20 / 79,15,25mm三連装機銃 集中配備,61cm三連装(酸素)魚雷,13号対空電探改,装備不可
水無月(みなづき),睦月型 6番艦 駆逐艦,水無月(みなづき),13,5 / 18,37 / 69,0,高速,短,15,6 / 29,18 / 49,7 / 29,17 / 41,4 / 17,13 / 53,15,12cm単装砲,未装備,装備不可,装備不可
水無月 改(みなづき),睦月型 6番艦 駆逐艦,水無月 改(みなづき),24,-- / 39,40 / 89,0,高速,短,15,-- / 39,-- / 69,-- / 39,19 / 61,6 / 39,16 / 66,15,12cm単装高角砲,61cm三連装魚雷,13号対空電探,装備不可
文月(ふみづき),睦月型 7番艦 駆逐艦,文月(ふみづき),13,5 / 18,37 / 69,0,高速,短,15,6 / 29,18 / 49,7 / 29,16 / 39,4 / 17,10 / 49,15,12cm単装砲,未装備,装備不可,装備不可
文月 改(ふみづき),睦月型 7番艦 駆逐艦,文月 改(ふみづき),24,-- / 39,40 / 89,0,高速,短,15,-- / 39,-- / 69,-- / 39,18 / 59,6 / 39,12 / 59,15,12cm単装高角砲,61cm四連装魚雷,未装備,装備不可
文月 改二(ふみづき),睦月型 7番艦 駆逐艦,文月 改二(ふみづき),27,34 / 46,56 / 93,0,高速,短,15,7 / 45,27 / 77,37 / 82,30 / 81,11 / 47,17 / 77,15,25mm三連装機銃 集中配備,25mm三連装機銃,13号対空電探改,装備不可
長月(ながつき),睦月型 8番艦 駆逐艦,長月(ながつき),13,5 / 18,37 / 69,0,高速,短,15,6 / 29,18 / 49,7 / 29,16 / 39,4 / 17,15 / 69,15,12cm単装砲,未装備,装備不可,装備不可
長月 改(ながつき),睦月型 8番艦 駆逐艦,長月 改(ながつき),24,-- / 39,40 / 89,0,高速,短,15,-- / 39,-- / 69,-- / 39,18 / 59,6 / 39,20 / 79,15,12cm単装高角砲,61cm四連装(酸素)魚雷,未装備,装備不可
菊月(きくづき),睦月型 9番艦 駆逐艦,菊月(きくづき),13,5 / 18,37 / 69,0,高速,短,15,6 / 29,18 / 49,7 / 29,16 / 39,4 / 17,10 / 49,15,12cm単装砲,未装備,装備不可,装備不可
菊月 改(きくづき),睦月型 9番艦 駆逐艦,菊月 改(きくづき),24,-- / 39,40 / 89,0,高速,短,15,-- / 39,-- / 69,-- / 39,18 / 59,6 / 39,12 / 59,15,12cm単装高角砲,61cm三連装魚雷,未装備,装備不可
三日月(みかづき),睦月型 10番艦 駆逐艦,三日月(みかづき),13,5 / 18,37 / 69,0,高速,短,15,6 / 29,18 / 49,7 / 29,16 / 39,4 / 17,10 / 49,15,12cm単装砲,未装備,装備不可,装備不可
三日月 改(みかづき),睦月型 10番艦 駆逐艦,三日月 改(みかづき),24,-- / 39,40 / 89,0,高速,短,15,-- / 39,-- / 69,-- / 39,18 / 59,6 / 39,12 / 59,15,12cm単装高角砲,61cm三連装魚雷,未装備,装備不可
望月(もちづき),睦月型 11番艦 駆逐艦,望月(もちづき),13,5 / 18,37 / 69,0,高速,短,15,6 / 29,18 / 49,7 / 29,16 / 39,4 / 17,10 / 49,15,12cm単装砲,未装備,装備不可,装備不可
望月 改(もちづき),睦月型 11番艦 駆逐艦,望月 改(もちづき),24,-- / 39,40 / 89,0,高速,短,15,-- / 39,-- / 69,-- / 39,18 / 59,6 / 39,12 / 59,15,12cm単装高角砲,61cm三連装魚雷,未装備,装備不可
吹雪(ふぶき),吹雪型 1番艦 駆逐艦,吹雪(ふぶき),15,5 / 19,40 / 89,0,高速,短,15,10 / 29,27 / 79,10 / 39,20 / 49,5 / 19,17 / 49,20,12.7cm連装砲A型,61cm三連装魚雷,装備不可,装備不可
吹雪 改(ふぶき),吹雪型 1番艦 駆逐艦,吹雪 改(ふぶき),30,-- / 49,45 / 89,0,高速,短,15,-- / 49,-- / 79,-- / 49,24 / 59,7 / 39,12 / 49,20,12.7cm連装砲A型,61cm三連装魚雷,未装備,装備不可
吹雪 改二(ふぶき),吹雪型 1番艦 駆逐艦,吹雪 改二(ふぶき),31,-- / 50,49 / 92,0,高速,短,15,15 / 59,30 / 88,35 / 78,26 / 68,14 / 54,17 / 77,20,61cm三連装(酸素)魚雷,94式高射装置,13号対空電探改,装備不可
白雪(しらゆき),吹雪型 2番艦 駆逐艦,白雪(しらゆき),15,5 / 19,40 / 79,0,高速,短,15,10 / 29,27 / 69,10 / 39,20 / 49,5 / 19,10 / 49,20,12.7cm連装砲A型,未装備,装備不可,装備不可
白雪 改(しらゆき),吹雪型 2番艦 駆逐艦,白雪 改(しらゆき),30,-- / 49,45 / 89,0,高速,短,15,-- / 49,-- / 79,-- / 49,24 / 59,7 / 39,12 / 49,20,12.7cm連装砲A型,61cm三連装魚雷,未装備,装備不可
初雪(はつゆき),吹雪型 3番艦 駆逐艦,初雪(はつゆき),15,5 / 19,40 / 79,0,高速,短,15,10 / 29,27 / 69,10 / 39,20 / 49,5 / 19,10 / 49,20,12.7cm連装砲A型,未装備,装備不可,装備不可
初雪 改(はつゆき),吹雪型 3番艦 駆逐艦,初雪 改(はつゆき),30,-- / 49,45 / 89,0,高速,短,15,-- / 49,-- / 79,-- / 49,24 / 59,7 / 39,12 / 49,20,12.7cm連装砲A型,61cm三連装魚雷,未装備,装備不可
深雪(みゆき),吹雪型 4番艦 駆逐艦,深雪(みゆき),15,5 / 19,40 / 79,0,高速,短,15,10 / 29,27 / 69,10 / 39,20 / 49,5 / 19,10 / 49,20,12.7cm連装砲A型,未装備,装備不可,装備不可
深雪 改(みゆき),吹雪型 4番艦 駆逐艦,深雪 改(みゆき),30,-- / 49,45 / 89,0,高速,短,15,-- / 49,-- / 79,-- / 49,24 / 59,7 / 39,12 / 49,20,12.7cm連装砲A型,61cm三連装魚雷,未装備,装備不可
叢雲(むらくも),吹雪型 5番艦 駆逐艦,叢雲(むらくも),15,5 / 19,40 / 79,0,高速,短,15,10 / 29,27 / 69,10 / 39,20 / 49,5 / 19,10 / 49,20,12.7cm連装砲A型,未装備,装備不可,装備不可
叢雲 改(むらくも),吹雪型 5番艦 駆逐艦,叢雲 改(むらくも),30,-- / 49,45 / 89,0,高速,短,15,-- / 49,-- / 79,-- / 49,24 / 59,7 / 39,12 / 49,20,12.7cm連装砲A型,61cm三連装魚雷,未装備,装備不可
叢雲 改二(むらくも),吹雪型 5番艦 駆逐艦,叢雲 改二(むらくも),31,-- / 50,50 / 90,0,高速,短,15,14 / 57,32 / 89,27 / 74,28 / 69,9 / 42,15 / 57,20,12.7cm連装高角砲(後期型),12.7cm連装高角砲(後期型),61cm三連装(酸素)魚雷,装備不可
薄雲(うすぐも),吹雪型 7番艦 駆逐艦,薄雲(うすぐも),15,5 / 19,39 / 80,0,高速,短,15,10 / 29,27 / 69,10 / 39,19 / 49,4 / 19,7 / 49,20,12.7cm連装砲A型,未装備,装備不可,装備不可
薄雲 改(うすぐも),吹雪型 7番艦 駆逐艦,薄雲 改(うすぐも),30,-- / 49,44 / 89,0,高速,短,15,-- / 49,-- / 79,-- / 48,22 / 60,7 / 41,9 / 54,20,12.7cm連装砲A型,61cm三連装魚雷,九五式爆雷,装備不可
磯波(いそなみ),吹雪型 9番艦 駆逐艦,磯波(いそなみ),15,5 / 19,40 / 79,0,高速,短,15,10 / 29,27 / 69,10 / 39,20 / 49,5 / 19,10 / 49,20,12.7cm連装砲A型,未装備,装備不可,装備不可
磯波 改(いそなみ),吹雪型 9番艦 駆逐艦,磯波 改(いそなみ),30,-- / 49,45 / 89,0,高速,短,15,-- / 49,-- / 79,-- / 49,24 / 59,7 / 39,12 / 49,20,12.7cm連装砲A型,61cm三連装魚雷,未装備,装備不可
浦波(うらなみ),吹雪型 10番艦 駆逐艦,浦波(うらなみ),15,5 / 19,42 / 84,0,高速,短,15,10 / 29,27 / 69,10 / 39,20 / 49,5 / 19,14 / 54,20,12.7cm連装砲A型,61cm三連装魚雷,装備不可,装備不可
浦波 改(うらなみ),吹雪型 10番艦 駆逐艦,浦波 改(うらなみ),30,-- / 49,47 / 93,0,高速,短,15,-- / 49,-- / 79,-- / 54,24 / 59,8 / 43,17 / 67,20,12.7cm連装砲A型,61cm三連装魚雷,25mm連装機銃,装備不可
綾波(あやなみ),綾波型 1番艦 駆逐艦,綾波(あやなみ),15,5 / 19,41 / 89,0,高速,短,15,10 / 29,27 / 79,12 / 39,20 / 49,5 / 19,12 / 49,20,12.7cm連装砲,61cm三連装魚雷,装備不可,装備不可
綾波 改(あやなみ),綾波型 1番艦 駆逐艦,綾波 改(あやなみ),30,-- / 49,45 / 89,0,高速,短,15,-- / 49,-- / 79,-- / 49,24 / 59,7 / 39,12 / 49,20,12.7cm連装砲B型改二,61cm三連装魚雷,未装備,装備不可
綾波 改二(あやなみ),綾波型 1番艦 駆逐艦,綾波 改二(あやなみ),32,-- / 54,50 / 90,0,高速,短,15,17 / 74,30 / 88,16 / 52,25 / 63,13 / 49,40 / 84,20,12.7cm連装砲B型改二,照明弾,探照灯,装備不可
敷波(しきなみ),綾波型 2番艦 駆逐艦,敷波(しきなみ),15,5 / 19,41 / 79,0,高速,短,15,10 / 29,27 / 69,12 / 39,20 / 49,5 / 19,10 / 49,20,12.7cm連装砲,未装備,装備不可,装備不可
敷波 改(しきなみ),綾波型 2番艦 駆逐艦,敷波 改(しきなみ),30,-- / 49,45 / 89,0,高速,短,15,-- / 49,-- / 79,-- / 49,24 / 59,7 / 39,12 / 49,20,61cm三連装魚雷,25mm単装機銃,未装備,装備不可
敷波 改二(しきなみ),綾波型 2番艦 駆逐艦,敷波 改二(しきなみ),31,-- / 51,58 / 93,0,高速,短,15,13 / 61,28 / 88,16 / 62,30 / 79,11 / 48,30 / 80,20,12.7cm連装砲B型改二,九四式爆雷投射機,九三式水中聴音機,装備不可
天霧(あまぎり),綾波型 5番艦 駆逐艦,天霧(あまぎり),15,5 / 20,41 / 80,0,高速,短,15,10 / 30,27 / 70,12 / 39,20 / 49,5 / 20,11/ 57,20,12.7cm連装砲,未装備,装備不可,装備不可
天霧 改(あまぎり),綾波型 5番艦 駆逐艦,天霧 改(あまぎり),30,-- / 49,45 / 90,0,高速,短,15,-- / 52,-- / 80,-- / 50,24 / 59,7 / 39,17/ 77,20,12.7cm連装砲B型改二,61cm三連装(酸素)魚雷,25mm連装機銃,装備不可
狭霧(さぎり),綾波型 6番艦 駆逐艦,狭霧(さぎり),15,5 / 19,40 / 79,0,高速,短,15,10 / 29,27 / 69,12 / 39,20 / 49,5 / 19,6 / 46,20,12.7cm連装砲,未装備,装備不可,装備不可
狭霧 改(さぎり),綾波型 6番艦 駆逐艦,狭霧 改(さぎり),30,-- / 49,44 / 88,0,高速,短,15,-- / 50,-- / 82,-- / 49,24 / 59,7 / 41,7 / 57,20,12.7cm連装砲B型改二,九四式爆雷投射機,25mm単装機銃,装備不可
朧(おぼろ),綾波型 7番艦 駆逐艦,朧(おぼろ),15,5 / 19,41 / 79,0,高速,短,15,10 / 29,27 / 69,12 / 39,20 / 49,5 / 19,10 / 49,20,12.7cm連装砲,未装備,装備不可,装備不可
朧 改(おぼろ),綾波型 7番艦 駆逐艦,朧 改(おぼろ),30,-- / 49,45 / 89,0,高速,短,15,-- / 49,-- / 79,-- / 49,24 / 59,7 / 39,12 / 59,20,13号対空電探,25mm単装機銃,未装備,装備不可
曙(あけぼの),綾波型 8番艦 駆逐艦,曙(あけぼの),15,5 / 19,41 / 79,0,高速,短,15,10 / 29,27 / 69,12 / 39,20 / 49,5 / 19,10 / 49,20,12.7cm連装砲,未装備,装備不可,装備不可
曙 改(あけぼの),綾波型 8番艦 駆逐艦,曙 改(あけぼの),30,-- / 49,45 / 89,0,高速,短,15,-- / 49,-- / 79,-- / 49,24 / 59,7 / 39,12 / 59,20,13号対空電探,25mm単装機銃,未装備,装備不可
曙 改二(あけぼの),綾波型 8番艦 駆逐艦,曙 改二(あけぼの),31,-- / 54,62 / 91,0,高速,短,15,10 / 60,25 / 87,22 / 80,30 / 74,10 / 46,18 / 88,20,12.7cm連装高角砲(後期型),25mm単装機銃,三式爆雷投射機,装備不可
漣(さざなみ),綾波型 9番艦 駆逐艦,漣(さざなみ),15,5 / 19,41 / 79,0,高速,短,15,10 / 29,27 / 69,12 / 39,20 / 49,5 / 19,10 / 49,20,12.7cm連装砲,未装備,装備不可,装備不可
漣 改(さざなみ),綾波型 9番艦 駆逐艦,漣 改(さざなみ),30,-- / 49,45 / 89,0,高速,短,15,-- / 49,-- / 79,-- / 49,24 / 59,7 / 39,12 / 59,20,13号対空電探,25mm単装機銃,未装備,装備不可
潮(うしお),綾波型 10番艦 駆逐艦,潮(うしお),15,5 / 19,41 / 79,0,高速,短,15,10 / 29,27 / 69,12 / 39,20 / 49,5 / 19,20 / 79,20,12.7cm連装砲,未装備,装備不可,装備不可
潮 改(うしお),綾波型 10番艦 駆逐艦,潮 改(うしお),30,-- / 49,45 / 89,0,高速,短,15,-- / 49,-- / 79,-- / 49,24 / 59,7 / 39,20 / 79,20,13号対空電探,25mm単装機銃,未装備,装備不可
潮 改二(うしお),綾波型 10番艦 駆逐艦,潮 改二(うしお),33,-- / 58,65 / 95,0,高速,短,15,10 / 59,25 / 83,24 / 79,32 / 75,11 / 48,32 / 90,20,25mm三連装機銃,25mm連装機銃,九四式爆雷投射機,装備不可
暁(あかつき),暁型 1番艦 駆逐艦,暁(あかつき),15,6 / 19,42 / 89,0,高速,短,15,10 / 29,27 / 79,12 / 39,20 / 49,5 / 19,12 / 49,20,12.7cm連装砲,61cm三連装魚雷,装備不可,装備不可
暁 改(あかつき),暁型 1番艦 駆逐艦,暁 改(あかつき),30,-- / 49,45 / 89,0,高速,短,15,-- / 49,-- / 79,-- / 49,24 / 59,7 / 39,12 / 59,20,61cm三連装魚雷,九四式爆雷投射機,未装備,装備不可
暁 改二(あかつき),暁型 1番艦 駆逐艦,暁 改二(あかつき),31,-- / 50,46 / 89,0,高速,短,15,14 / 62,32 / 90,19 / 59,28 / 66,17 / 60,15 / 67,20,12.7cm連装高角砲(後期型),探照灯,61cm三連装(酸素)魚雷,装備不可
響(ひびき),暁型 2番艦 駆逐艦,響(ひびき),15,6 / 19,42 / 79,0,高速,短,15,10 / 29,27 / 69,12 / 39,20 / 49,5 / 19,10 / 49,20,12.7cm連装砲,未装備,装備不可,装備不可
響 改(ひびき),暁型 2番艦 駆逐艦,響 改(ひびき),30,-- / 49,45 / 89,0,高速,短,15,-- / 49,-- / 79,-- / 49,24 / 59,7 / 39,12 / 59,20,61cm三連装魚雷,九四式爆雷投射機,未装備,装備不可
Верный(ヴェールヌイ),暁型 2番艦 駆逐艦,Верный(ヴェールヌイ),37,-- / 58,47 / 89,0,高速,短,15,13 / 58,30 / 89,18 / 65,30 / 77,10 / 44,20 / 80,25,未装備,未装備,未装備,装備不可
雷(いかずち),暁型 3番艦 駆逐艦,雷(いかずち),15,6 / 19,42 / 79,0,高速,短,15,10 / 29,27 / 69,12 / 39,20 / 49,5 / 19,10 / 49,20,12.7cm連装砲,未装備,装備不可,装備不可
雷 改(いかずち),暁型 3番艦 駆逐艦,雷 改(いかずち),30,-- / 49,45 / 89,0,高速,短,15,-- / 49,-- / 79,-- / 49,24 / 59,7 / 39,12 / 59,20,61cm三連装魚雷,九四式爆雷投射機,未装備,装備不可
電(いなづま),暁型 4番艦 駆逐艦,電(いなづま),15,6 / 19,42 / 79,0,高速,短,15,10 / 29,27 / 69,12 / 39,20 / 49,5 / 19,10 / 49,20,12.7cm連装砲,未装備,装備不可,装備不可
電 改(いなづま),暁型 4番艦 駆逐艦,電 改(いなづま),30,-- / 49,45 / 89,0,高速,短,15,-- / 49,-- / 79,-- / 49,24 / 59,7 / 39,12 / 59,20,61cm三連装魚雷,九四式爆雷投射機,未装備,装備不可
初春(はつはる),初春型 1番艦 駆逐艦,初春(はつはる),16,6 / 19,43 / 89,0,高速,短,15,10 / 29,27 / 79,12 / 39,21 / 49,5 / 19,12 / 49,20,12.7cm連装砲,61cm三連装魚雷,装備不可,装備不可
初春 改(はつはる),初春型 1番艦 駆逐艦,初春 改(はつはる),30,-- / 49,45 / 89,0,高速,短,15,-- / 49,-- / 79,-- / 49,24 / 59,7 / 39,12 / 59,20,61cm三連装(酸素)魚雷,25mm連装機銃,未装備,装備不可
初春 改二(はつはる),初春型 1番艦 駆逐艦,初春 改二(はつはる),31,-- / 51,48 / 90,0,高速,短,15,13 / 55,32 / 90,23 / 73,30 / 69,10 / 45,16 / 59,20,12.7cm連装砲B型改二,13号対空電探改,25mm三連装機銃,装備不可
子日(ねのひ),初春型 2番艦 駆逐艦,子日(ねのひ),16,6 / 19,43 / 79,0,高速,短,15,10 / 29,27 / 69,9 / 39,21 / 49,5 / 19,10 / 49,20,12.7cm連装砲,未装備,装備不可,装備不可
子日 改(ねのひ),初春型 2番艦 駆逐艦,子日 改(ねのひ),30,-- / 49,45 / 89,0,高速,短,15,-- / 49,-- / 79,-- / 49,24 / 59,7 / 39,12 / 59,20,61cm三連装(酸素)魚雷,25mm連装機銃,未装備,装備不可
若葉(わかば),初春型 3番艦 駆逐艦,若葉(わかば),16,6 / 19,43 / 79,0,高速,短,15,10 / 29,27 / 69,9 / 39,21 / 49,5 / 19,10 / 49,20,12.7cm連装砲,未装備,装備不可,装備不可
若葉 改(わかば),初春型 3番艦 駆逐艦,若葉 改(わかば),30,-- / 49,45 / 89,0,高速,短,15,-- / 49,-- / 79,-- / 49,24 / 59,7 / 39,12 / 59,20,61cm三連装(酸素)魚雷,25mm連装機銃,未装備,装備不可
初霜(はつしも),初春型 4番艦 駆逐艦,初霜(はつしも),16,6 / 19,43 / 79,0,高速,短,15,10 / 29,27 / 69,9 / 39,21 / 49,5 / 19,10 / 49,20,12.7cm連装砲,未装備,装備不可,装備不可
初霜 改(はつしも),初春型 4番艦 駆逐艦,初霜 改(はつしも),30,-- / 49,45 / 89,0,高速,短,15,-- / 49,-- / 79,-- / 49,24 / 59,7 / 39,12 / 59,20,61cm三連装(酸素)魚雷,25mm連装機銃,未装備,装備不可
初霜 改二(はつしも),初春型 4番艦 駆逐艦,初霜 改二(はつしも),32,-- / 55,64 / 94,0,高速,短,15,12 / 59,28 / 85,35 / 81,28 / 72,11 / 48,53 / 100,20,12.7cm連装高角砲(後期型),13号対空電探改,91式高射装置,装備不可
有明(ありあけ),初春型 5番艦 駆逐艦,有明(ありあけ),16,6 / 19,43 / 80,0,高速,短,15,10 / 29,27 / 70,8 / 38,21 / 50,5 / 19,10 / 49,20,12.7cm連装砲,未装備,装備不可,装備不可
有明 改(ありあけ),初春型 5番艦 駆逐艦,有明 改(ありあけ),30,-- / 49,44 / 89,0,高速,短,15,-- / 48,-- / 78,-- / 54,16 / 59,6 / 39,12 / 59,20,12.7cm単装高角砲(後期型),25mm連装機銃,未装備,装備不可
白露(しらつゆ),白露型 1番艦 駆逐艦,白露(しらつゆ),16,6 / 19,43 / 79,0,高速,短,15,10 / 29,24 / 79,12 / 39,21 / 49,5 / 19,12 / 49,20,12.7cm連装砲,61cm四連装魚雷,装備不可,装備不可
白露 改(しらつゆ),白露型 1番艦 駆逐艦,白露 改(しらつゆ),30,-- / 49,45 / 89,0,高速,短,15,-- / 49,-- / 79,-- / 49,24 / 59,7 / 39,12 / 59,20,九四式爆雷投射機,九五式爆雷,未装備,装備不可
白露 改二(しらつゆ),白露型 1番艦 駆逐艦,白露 改二(しらつゆ),31,-- / 50,50 / 91,0,高速,短,15,16 / 69,28 / 87,17 / 71,30 / 83,10 / 50,16 / 80,20,12.7cm連装砲C型改二,22号対水上電探改四,九五式爆雷,装備不可
時雨(しぐれ),白露型 2番艦 駆逐艦,時雨(しぐれ),16,6 / 19,43 / 79,0,高速,短,15,10 / 29,24 / 69,9 / 39,21 / 49,5 / 19,10 / 49,20,12.7cm連装砲,未装備,装備不可,装備不可
時雨 改(しぐれ),白露型 2番艦 駆逐艦,時雨 改(しぐれ),30,-- / 49,45 / 89,0,高速,短,15,-- / 49,-- / 79,-- / 49,24 / 59,7 / 39,12 / 59,20,九四式爆雷投射機,九五式爆雷,未装備,装備不可
時雨 改二(しぐれ),白露型 2番艦 駆逐艦,時雨 改二(しぐれ),31,-- / 52,62 / 93,0,高速,短,15,13 / 61,28 / 87,24 / 72,31 / 78,9 / 43,50 / 88,20,22号対水上電探,13号対空電探,未装備,装備不可
村雨(むらさめ),白露型 3番艦 駆逐艦,村雨(むらさめ),16,6 / 19,43 / 79,0,高速,短,15,10 / 29,24 / 69,9 / 39,21 / 49,5 / 19,10 / 49,20,12.7cm連装砲,未装備,装備不可,装備不可
村雨 改(むらさめ),白露型 3番艦 駆逐艦,村雨 改(むらさめ),30,-- / 49,45 / 89,0,高速,短,15,-- / 49,-- / 79,-- / 49,24 / 59,7 / 39,12 / 59,20,12.7cm連装砲,61cm四連装(酸素)魚雷,未装備,装備不可
村雨 改二(むらさめ),白露型 3番艦 駆逐艦,村雨 改二(むらさめ),31,-- / 51,48 / 90,0,高速,短,15,16 / 68,28 / 88,18 / 70,29 / 77,9 / 47,17 / 77,20,12.7cm連装砲C型改二,61cm四連装(酸素)魚雷,25mm三連装機銃,装備不可
夕立(ゆうだち),白露型 4番艦 駆逐艦,夕立(ゆうだち),16,6 / 19,43 / 79,0,高速,短,15,10 / 29,24 / 69,9 / 39,21 / 49,5 / 19,10 / 49,20,12.7cm連装砲,未装備,装備不可,装備不可
夕立 改(ゆうだち),白露型 4番艦 駆逐艦,夕立 改(ゆうだち),30,-- / 49,45 / 89,0,高速,短,15,-- / 49,-- / 79,-- / 49,24 / 59,7 / 39,12 / 59,20,12.7cm連装砲,61cm四連装(酸素)魚雷,未装備,装備不可
夕立 改二(ゆうだち),白露型 4番艦 駆逐艦,夕立 改二(ゆうだち),31,-- / 52,46 / 89,0,高速,短,15,17 / 73,37 / 93,16 / 59,28 / 69,12 / 49,20 / 59,20,12.7cm連装砲B型改二,61cm四連装(酸素)魚雷,未装備,装備不可
春雨(はるさめ),白露型 5番艦 駆逐艦,春雨(はるさめ),16,6 / 19,43 / 79,0,高速,短,15,10 / 29,24 / 69,9 / 39,21 / 49,5 / 19,10 / 49,20,12.7cm連装砲,毘式40mm連装機銃,装備不可,装備不可
春雨 改(はるさめ),白露型 5番艦 駆逐艦,春雨 改(はるさめ),30,-- / 49,45 / 89,0,高速,短,15,-- / 49,-- / 79,-- / 49,24 / 59,7 / 39,12 / 59,20,12.7cm連装砲B型改二,ドラム缶(輸送用),未装備,装備不可
五月雨(さみだれ),白露型 6番艦 駆逐艦,五月雨(さみだれ),16,6 / 19,43 / 79,0,高速,短,15,10 / 29,24 / 69,9 / 39,21 / 49,5 / 19,10 / 49,20,12.7cm連装砲,未装備,装備不可,装備不可
五月雨 改(さみだれ),白露型 6番艦 駆逐艦,五月雨 改(さみだれ),30,-- / 49,45 / 89,0,高速,短,15,-- / 49,-- / 79,-- / 49,24 / 59,7 / 39,12 / 59,20,61cm四連装(酸素)魚雷,九四式爆雷投射機,未装備,装備不可
海風(うみかぜ),白露型 7番艦 駆逐艦,海風(うみかぜ),16,6 / 19,44 / 79,0,高速,短,15,10 / 29,24 / 69,10 / 40,23 / 50,6 / 19,10 / 49,20,12.7cm連装砲,未装備,装備不可,装備不可
海風 改(うみかぜ),白露型 7番艦 駆逐艦,海風 改(うみかぜ),30,-- / 49,46 / 89,0,高速,短,15,-- / 49,-- / 79,-- / 50,27 / 63,8 / 40,13 / 64,20,12.7cm連装砲B型改二,九四式爆雷投射機,未装備,装備不可
海風 改二(うみかぜ),改白露型 1番艦 駆逐艦,海風 改二(うみかぜ),31,-- / 51,49 / 90,0,高速,短,15,15 / 61,38 / 93,19 / 69,28 / 82,11 / 51,20 / 85,20,61cm四連装(酸素)魚雷,九四式爆雷投射機,九三式水中聴音機,装備不可
山風(やまかぜ),白露型 8番艦 駆逐艦,山風(やまかぜ),16,6 / 19,42 / 77,0,高速,短,15,11 / 31,24 / 69,8 / 38,19 / 42,5 / 18,6 / 39,20,12.7cm連装砲,未装備,装備不可,装備不可
山風 改(やまかぜ),白露型 8番艦 駆逐艦,山風 改(やまかぜ),30,-- / 48,44 / 88,0,高速,短,15,-- / 51,-- / 82,-- / 49,30 / 73,7 / 42,8 / 59,20,12.7cm連装砲B型改二,九三式水中聴音機,九四式爆雷投射機,装備不可
江風(かわかぜ),白露型 9番艦 駆逐艦,江風(かわかぜ),16,6 / 19,44 / 79,0,高速,短,15,10 / 29,25 / 70,9 / 39,21 / 49,6 / 19,10 / 49,20,12.7cm連装砲,未装備,装備不可,装備不可
江風 改(かわかぜ),白露型 9番艦 駆逐艦,江風 改(かわかぜ),30,-- / 49,46 / 89,0,高速,短,15,-- / 49,-- / 80,-- / 49,24 / 59,8 / 40,12 / 59,20,12.7cm連装砲B型改二,22号対水上電探,未装備,装備不可
江風 改二(かわかぜ),白露型 9番艦 駆逐艦,江風 改二(かわかぜ),31,-- / 51,51 / 89,0,高速,短,15,16 / 62,38 / 96,18 / 64,25 / 63,13 / 53,19 / 75,20,12.7cm連装砲B型改二,61cm四連装(酸素)魚雷,照明弾,装備不可
涼風(すずかぜ),白露型 10番艦 駆逐艦,涼風(すずかぜ),16,6 / 19,43 / 79,0,高速,短,15,10 / 29,24 / 79,9 / 39,21 / 49,5 / 19,12 / 49,20,12.7cm連装砲,61cm四連装魚雷,装備不可,装備不可
涼風 改(すずかぜ),白露型 10番艦 駆逐艦,涼風 改(すずかぜ),30,-- / 49,45 / 89,0,高速,短,15,-- / 49,-- / 79,-- / 49,24 / 59,7 / 39,12 / 59,20,61cm四連装(酸素)魚雷,九四式爆雷投射機,未装備,装備不可
朝潮(あさしお),朝潮型 1番艦 駆逐艦,朝潮(あさしお),16,6 / 19,43 / 79,0,高速,短,15,10 / 29,24 / 79,12 / 39,21 / 49,5 / 19,12 / 49,20,12.7cm連装砲,61cm四連装魚雷,装備不可,装備不可
朝潮 改(あさしお),朝潮型 1番艦 駆逐艦,朝潮 改(あさしお),31,-- / 49,46 / 89,0,高速,短,15,-- / 49,-- / 79,-- / 49,24 / 59,8 / 39,12 / 59,20,10cm連装高角砲,61cm四連装(酸素)魚雷,未装備,装備不可
朝潮 改二(あさしお),朝潮型 1番艦 駆逐艦,朝潮 改二(あさしお),31,-- / 52,49 / 90,0,高速,短,15,18 / 68,36 / 92,22 / 60,26 / 59,11 / 57,17 / 70,20,未装備,未装備,未装備,装備不可
朝潮 改二丁(あさしお),朝潮型 1番艦 駆逐艦,朝潮 改二丁(あさしお),34,-- / 55,47 / 88,0,高速,短,15,12 / 55,36 / 86,30 / 75,45 / 89,10 / 55,17 / 70,20,未装備,未装備,未装備,装備不可
大潮(おおしお),朝潮型 2番艦 駆逐艦,大潮(おおしお),16,6 / 19,43 / 79,0,高速,短,15,10 / 29,24 / 69,9 / 39,21 / 49,5 / 19,10 / 49,20,12.7cm連装砲,未装備,装備不可,装備不可
大潮 改(おおしお),朝潮型 2番艦 駆逐艦,大潮 改(おおしお),31,-- / 49,46 / 89,0,高速,短,15,-- / 49,-- / 79,-- / 49,24 / 59,8 / 39,12 / 59,20,10cm連装高角砲,61cm四連装(酸素)魚雷,未装備,装備不可
大潮 改二(おおしお),朝潮型 2番艦 駆逐艦,大潮 改二(おおしお),31,-- / 51,47 / 90,0,高速,短,15,17 / 67,33 / 90,20 / 62,26 / 64,12 / 54,17 / 69,20,12.7cm連装砲B型改二,61cm四連装(酸素)魚雷,大発動艇,装備不可
満潮(みちしお),朝潮型 3番艦 駆逐艦,満潮(みちしお),16,6 / 19,43 / 79,0,高速,短,15,10 / 29,24 / 69,9 / 39,21 / 49,5 / 19,10 / 49,20,12.7cm連装砲,未装備,装備不可,装備不可
満潮 改(みちしお),朝潮型 3番艦 駆逐艦,満潮 改(みちしお),31,-- / 49,46 / 89,0,高速,短,15,-- / 49,-- / 79,-- / 49,24 / 59,8 / 39,12 / 59,20,10cm連装高角砲,61cm四連装(酸素)魚雷,未装備,装備不可
満潮 改二(みちしお),朝潮型 3番艦 駆逐艦,満潮 改二(みちしお),31,-- / 54,51 / 90,0,高速,短,15,19 / 68,32 / 89,20 / 64,26 / 60,10 / 53,18 / 77,20,12.7cm連装砲C型改二,探照灯,22号対水上電探,装備不可
荒潮(あらしお),朝潮型 4番艦 駆逐艦,荒潮(あらしお),16,6 / 19,43 / 79,0,高速,短,15,10 / 29,24 / 69,9 / 39,21 / 49,5 / 19,10 / 49,20,12.7cm連装砲,未装備,装備不可,装備不可
荒潮 改(あらしお),朝潮型 4番艦 駆逐艦,荒潮 改(あらしお),31,-- / 49,46 / 89,0,高速,短,15,-- / 49,-- / 79,-- / 49,24 / 59,8 / 39,12 / 59,20,10cm連装高角砲,61cm四連装(酸素)魚雷,未装備,装備不可
荒潮 改二(あらしお),朝潮型 4番艦 駆逐艦,荒潮 改二(あらしお),31,-- / 52,50 / 90,0,高速,短,15,19 / 69,33 / 88,22 / 70,26 / 59,11 / 52,17 / 71,20,大発動艇,探照灯,61cm四連装(酸素)魚雷,装備不可
朝雲(あさぐも),朝潮型 5番艦 駆逐艦,朝雲(あさぐも),16,6 / 19,43 / 79,0,高速,短,15,10 / 29,24 / 69,9 / 39,21 / 49,5 / 19,8 / 49,20,12.7cm連装砲,61cm四連装魚雷,装備不可,装備不可
朝雲 改(あさぐも),朝潮型 5番艦 駆逐艦,朝雲 改(あさぐも),31,-- / 49,46 / 89,0,高速,短,15,-- / 49,-- / 79,-- / 49,24 / 59,8 / 39,12 / 59,20,12.7cm連装高角砲(後期型),九四式爆雷投射機,未装備,装備不可
山雲(やまぐも),朝潮型 6番艦 駆逐艦,山雲(やまぐも),16,6 / 19,43 / 79,0,高速,短,15,10 / 29,24 / 69,9 / 39,23 / 50,5 / 19,7 / 49,20,12.7cm連装砲,61cm四連装魚雷,装備不可,装備不可
山雲 改(やまぐも),朝潮型 6番艦 駆逐艦,山雲 改(やまぐも),31,-- / 48,46 / 89,0,高速,短,15,-- / 49,-- / 79,-- / 49,27 / 64,8 / 39,11 / 58,20,12.7cm連装高角砲(後期型),九四式爆雷投射機,未装備,装備不可
峯雲(みねぐも),朝潮型 8番艦 駆逐艦,峯雲(みねぐも),16,6 / 19,41 / 78,0,高速,短,15,10 / 30,24 / 69,9 / 40,21 / 49,5 / 18,6 / 44,20,12.7cm連装砲,61cm四連装魚雷,装備不可,装備不可
峯雲 改(みねぐも),朝潮型 8番艦 駆逐艦,峯雲 改(みねぐも),31,-- / 49,44 / 88,0,高速,短,15,-- / 51,-- / 79,-- / 50,24 / 58,8 / 37,9 / 54,20,22号対水上電探,ドラム缶(輸送用),ドラム缶(輸送用),装備不可
霰(あられ),朝潮型 9番艦 駆逐艦,霰(あられ),16,6 / 19,43 / 79,0,高速,短,15,10 / 29,24 / 69,9 / 39,21 / 49,5 / 19,10 / 49,20,12.7cm連装砲,未装備,装備不可,装備不可
霰 改(あられ),朝潮型 9番艦 駆逐艦,霰 改(あられ),31,-- / 49,46 / 89,0,高速,短,15,-- / 49,-- / 79,-- / 49,24 / 59,8 / 39,12 / 59,20,12.7cm単装高角砲(後期型),61cm四連装(酸素)魚雷,未装備,装備不可
霰 改二(あられ),朝潮型 9番艦 駆逐艦,霰 改二(あられ),31,-- / 53,46 / 91,0,高速,短,15,16 / 66,32 / 87,20 / 63,33 / 81,11 / 53,15 / 68,20,12.7cm連装砲C型改二,61cm四連装(酸素)魚雷,大発動艇,装備不可
霞(かすみ),朝潮型 10番艦 駆逐艦,霞(かすみ),16,6 / 19,43 / 79,0,高速,短,15,10 / 29,24 / 69,9 / 39,21 / 49,5 / 19,15 / 59,20,12.7cm連装砲,未装備,装備不可,装備不可
霞 改(かすみ),朝潮型 10番艦 駆逐艦,霞 改(かすみ),31,-- / 49,46 / 89,0,高速,短,15,-- / 49,-- / 79,-- / 49,24 / 59,8 / 39,20 / 79,20,10cm連装高角砲,61cm四連装(酸素)魚雷,未装備,装備不可
霞 改二(かすみ),朝潮型 10番艦 駆逐艦,霞 改二(かすみ),31,-- / 52,52 / 90,0,高速,短,15,16 / 65,33 / 92,24 / 72,28 / 68,14 / 54,37 / 97,20,未装備,未装備,未装備,装備不可
霞 改二乙(かすみ),朝潮型 10番艦 駆逐艦,霞 改二乙(かすみ),31,-- / 52,56 / 92,0,高速,短,15,12 / 60,30 / 83,32 / 82,28 / 68,15 / 56,37 / 97,20,未装備,未装備,未装備,装備不可
陽炎(かげろう),陽炎型 1番艦 駆逐艦,陽炎(かげろう),16,6 / 19,44 / 79,0,高速,短,15,10 / 29,24 / 79,12 / 39,24 / 49,6 / 19,12 / 49,20,12.7cm連装砲,61cm四連装魚雷,装備不可,装備不可
陽炎 改(かげろう),陽炎型 1番艦 駆逐艦,陽炎 改(かげろう),32,-- / 49,47 / 89,0,高速,短,15,-- / 49,-- / 79,-- / 49,27 / 59,8 / 39,12 / 59,20,10cm連装高角砲,61cm四連装(酸素)魚雷,未装備,装備不可
陽炎 改二(かげろう),陽炎型 1番艦 駆逐艦,陽炎 改二(かげろう),33,-- / 53,49 / 90,0,高速,短,15,18 / 68,30 / 90,20 / 62,30 / 67,10 / 42,20 / 77,20,12.7cm連装砲C型改二,61cm四連装(酸素)魚雷,61cm四連装(酸素)魚雷,装備不可
不知火(しらぬい),陽炎型 2番艦 駆逐艦,不知火(しらぬい),16,6 / 19,44 / 79,0,高速,短,15,10 / 29,24 / 69,9 / 39,24 / 49,6 / 19,10 / 49,20,12.7cm連装砲,未装備,装備不可,装備不可
不知火 改(しらぬい),陽炎型 2番艦 駆逐艦,不知火 改(しらぬい),32,-- / 49,47 / 89,0,高速,短,15,-- / 49,-- / 79,-- / 49,27 / 59,8 / 39,12 / 59,20,12.7cm単装高角砲(後期型),61cm四連装(酸素)魚雷,未装備,装備不可
不知火 改二(しらぬい),陽炎型 2番艦 駆逐艦,不知火 改二(しらぬい),33,-- / 54,49 / 90,0,高速,短,15,18 / 67,30 / 91,20 / 64,30 / 68,11 / 43,24 / 88,20,12.7cm連装砲C型改二,25mm三連装機銃,三式水中探信儀,装備不可
黒潮(くろしお),陽炎型 3番艦 駆逐艦,黒潮(くろしお),16,6 / 19,44 / 79,0,高速,短,15,10 / 29,24 / 69,9 / 39,24 / 49,6 / 19,10 / 49,20,12.7cm連装砲,未装備,装備不可,装備不可
黒潮 改(くろしお),陽炎型 3番艦 駆逐艦,黒潮 改(くろしお),32,-- / 49,47 / 89,0,高速,短,15,-- / 49,-- / 79,-- / 49,27 / 59,8 / 39,12 / 59,20,10cm連装高角砲,61cm四連装(酸素)魚雷,未装備,装備不可
黒潮 改二(くろしお),陽炎型 3番艦 駆逐艦,黒潮 改二(くろしお),33,-- / 53,48 / 90,0,高速,短,15,18 / 69,30 / 88,20 / 65,31 / 70,11 / 41,22 / 81,20,12.7cm連装砲C型改二,三式爆雷投射機,25mm三連装機銃,装備不可
親潮(おやしお),陽炎型 4番艦 駆逐艦,親潮(おやしお),16,6 / 19,44 / 79,0,高速,短,15,10 / 30,24 / 68,9 / 37,23 / 47,8 / 19,13 / 50,20,12.7cm連装砲,61cm四連装魚雷,装備不可,装備不可
親潮 改(おやしお),陽炎型 4番艦 駆逐艦,親潮 改(おやしお),32,-- / 49,46 / 87,0,高速,短,15,-- / 50,-- / 78,-- / 48,27 / 67,9 / 40,14 / 64,20,12.7cm連装砲B型改二,61cm四連装(酸素)魚雷,未装備,装備不可
初風(はつかぜ),陽炎型 7番艦 駆逐艦,初風(はつかぜ),16,6 / 19,45 / 79,0,高速,短,15,10 / 29,24 / 69,9 / 39,24 / 49,6 / 19,10 / 49,20,12.7cm連装砲,25mm連装機銃,装備不可,装備不可
初風 改(はつかぜ),陽炎型 7番艦 駆逐艦,初風 改(はつかぜ),32,-- / 49,47 / 89,0,高速,短,15,-- / 49,-- / 79,-- / 49,27 / 64,8 / 39,12 / 59,20,10cm連装高角砲,61cm四連装(酸素)魚雷,未装備,装備不可
雪風(ゆきかぜ),陽炎型 8番艦 駆逐艦,雪風(ゆきかぜ),16,7 / 29,50 / 89,0,高速,短,15,10 / 29,24 / 79,12 / 49,24 / 49,6 / 19,50 / 99,20,12.7cm連装砲,61cm四連装魚雷,装備不可,装備不可
雪風 改(ゆきかぜ),陽炎型 8番艦 駆逐艦,雪風 改(ゆきかぜ),32,-- / 59,67 / 99,0,高速,短,15,-- / 59,-- / 89,-- / 59,27 / 59,8 / 39,60 / 99,20,13号対空電探,九三式水中聴音機,25mm三連装機銃,装備不可
丹陽(DANYANG),改装陽炎型 陽字号駆逐艦,丹陽(DANYANG),35,-- / 60,65 / 97,0,高速,短,15,18 / 68,0 / 56,40 / 88,26 / 60,15 / 50,60 / 100,20,現地改装12.7cm連装高角砲,現地改装10cm連装高角砲,未装備,装備不可
雪風 改二(ゆきかぜ),改陽炎型 8番艦 駆逐艦,雪風 改二(ゆきかぜ),35,-- / 60,66 / 100,0,高速,短,15,17 / 66,32 / 90,32 / 85,28 / 74,14 / 48,63 / 120,25,10cm高角砲＋高射装置,12.7cm単装高角砲改二,未装備,装備不可
天津風(あまつかぜ),陽炎型 9番艦 駆逐艦,天津風(あまつかぜ),18,7 / 25,48 / 89,0,高速,短,20,10 / 29,28 / 79,22 / 53,26 / 54,8 / 19,18 / 59,20,12.7cm連装砲,61cm四連装魚雷,強化型艦本式缶,装備不可
天津風 改(あまつかぜ),陽炎型 9番艦 駆逐艦,天津風 改(あまつかぜ),34,-- / 61,50 / 94,0,高速,短,20,-- / 49,-- / 84,-- / 63,28 / 59,9 / 39,17 / 69,20,61cm四連装(酸素)魚雷,三式水中探信儀,新型高温高圧缶,装備不可
時津風(ときつかぜ),陽炎型 10番艦 駆逐艦,時津風(ときつかぜ),16,6 / 19,44  /79,0,高速,短,15,10 / 29,24 / 69,10 / 40,24 / 49,7 / 19,13 / 49,20,12.7cm連装砲,61cm四連装魚雷,装備不可,装備不可
時津風 改(ときつかぜ),陽炎型 10番艦 駆逐艦,時津風 改(ときつかぜ),32,-- / 49,46 / 88,0,高速,短,15,-- / 48,-- / 79,-- / 49,26 / 64,8 / 39,12 / 59,20,61cm四連装(酸素)魚雷,12.7cm連装高角砲(後期型),未装備,装備不可
浦風(うらかぜ),陽炎型 11番艦 駆逐艦,浦風(うらかぜ),16,6 / 19,44 / 79,0,高速,短,15,10 / 29,24 / 69,10 / 40,24 / 49,7 / 19,13 / 49,20,12.7cm連装砲,九四式爆雷投射機,装備不可,装備不可
浦風 改(うらかぜ),陽炎型 11番艦 駆逐艦,浦風 改(うらかぜ),32,-- / 49,46 / 88,0,高速,短,15,-- / 48,-- / 79,-- / 49,29 / 69,8 / 39,13 / 59,20,12.7cm連装高角砲(後期型),九三式水中聴音機,未装備,装備不可
浦風 丁改(うらかぜ),陽炎型 11番艦 駆逐艦,浦風 丁改(うらかぜ),33,-- / 53,49 / 88,0,高速,短,15,12 / 62,20 / 80,26 / 76,45 / 88,10 / 48,18 / 84,25,九三式水中聴音機,九四式爆雷投射機,九五式爆雷,装備不可
磯風(いそかぜ),陽炎型 12番艦 駆逐艦,磯風(いそかぜ),16,6 / 19,44 / 79,0,高速,短,15,10 / 29,24 / 69,14 / 44,24 / 49,8 / 19,16 / 54,20,12.7cm連装砲,25mm三連装機銃,装備不可,装備不可
磯風 改(いそかぜ),陽炎型 12番艦 駆逐艦,磯風 改(いそかぜ),33,-- / 49,47 / 88,0,高速,短,15,-- / 48,-- / 79,-- / 64,27 / 68,9 / 49,18 / 81,20,12.7cm連装高角砲(後期型),九四式爆雷投射機,13号対空電探改,装備不可
磯風 乙改(いそかぜ),陽炎型 12番艦 駆逐艦,磯風 乙改(いそかぜ),34,-- / 53,52 / 90,0,高速,短,15,10 / 63,24 / 84,30 / 90,31 / 70,10 / 52,24 / 90,25,10cm連装高角砲,13号対空電探改,25mm三連装機銃,装備不可
浜風(はまかぜ),陽炎型 13番艦 駆逐艦,浜風(はまかぜ),16,6 / 19,44 / 79,0,高速,短,15,10 / 29,24 / 69,13 / 42,24 / 49,6 / 19,15 / 49,20,12.7cm連装砲,九四式爆雷投射機,装備不可,装備不可
浜風 改(はまかぜ),陽炎型 13番艦 駆逐艦,浜風 改(はまかぜ),32,-- / 49,46 / 88,0,高速,短,15,-- / 48,-- / 79,-- / 60,27 / 68,8 / 39,17 / 59,20,25mm三連装機銃,22号対水上電探,未装備,装備不可
浜風 乙改(はまかぜ),陽炎型 13番艦 駆逐艦,浜風 乙改(はまかぜ),33,-- / 54,50 / 89,0,高速,短,15,10 / 60,24 / 83,32 / 93,32 / 72,9 / 46,20 / 88,25,10cm連装高角砲,13号対空電探改,25mm三連装機銃,装備不可
谷風(たにかぜ),陽炎型 14番艦 駆逐艦,谷風(たにかぜ),16,6 / 19,44 / 79,0,高速,短,15,10 / 29,24 / 69,10 / 40,24 / 49,7 / 19,14 / 49,20,12.7cm連装砲,九四式爆雷投射機,装備不可,装備不可
谷風 改(たにかぜ),陽炎型 14番艦 駆逐艦,谷風 改(たにかぜ),32,-- / 49,46 / 88,0,高速,短,15,-- / 48,-- / 79,-- / 49,28 / 69,8 / 39,16 / 59,20,九四式爆雷投射機,九三式水中聴音機,未装備,装備不可
谷風 丁改(たにかぜ),陽炎型 14番艦 駆逐艦,谷風 丁改(たにかぜ),33,-- / 51,53 / 94,0,高速,短,15,11 / 59,32 / 84,27 / 80,44 / 86,8 / 42,17 / 80,25,25mm連装機銃,三式爆雷投射機,九五式爆雷,装備不可
野分(のわき),陽炎型 15番艦 駆逐艦,野分(のわき),16,6 / 19,44 / 79,0,高速,短,15,10 / 29,24 / 69,12 / 44,24 / 49,8 / 19,14 / 49,20,12.7cm連装砲,61cm四連装魚雷,装備不可,装備不可
野分 改(のわき),陽炎型 15番艦 駆逐艦,野分 改(のわき),32,-- / 49,46 / 88,0,高速,短,15,-- / 48,-- / 79,-- / 49,28 / 68,8 / 39,13 / 59,20,12.7cm連装高角砲(後期型),九三式水中聴音機,未装備,装備不可
嵐(あらし),陽炎型 16番艦 駆逐艦,嵐(あらし),16,6 / 19,44 / 79,0,高速,短,15,10 / 29,24 / 69,9 / 39,28 / 62,6 / 19,11 / 49,20,12.7cm連装砲,九四式爆雷投射機,装備不可,装備不可
嵐 改(あらし),陽炎型 16番艦 駆逐艦,嵐 改(あらし),32,-- / 49,46 / 87,0,高速,短,15,-- / 49,-- / 79,-- / 49,30 / 70,8 / 39,12 / 63,20,12.7cm連装高角砲(後期型),三式爆雷投射機,未装備,装備不可
萩風(はぎかぜ),陽炎型 17番艦 駆逐艦,萩風(はぎかぜ),16,6 / 19,44 / 79,0,高速,短,15,11 / 30,24 / 69,9 / 39,26 / 59,6 / 19,11 / 49,20,12.7cm連装砲,25mm連装機銃,装備不可,装備不可
萩風 改(はぎかぜ),陽炎型 17番艦 駆逐艦,萩風 改(はぎかぜ),32,-- / 49,46 / 87,0,高速,短,15,-- / 50,-- / 79,-- / 49,28 / 68,8 / 39,12 / 63,20,12.7cm連装高角砲(後期型),61cm四連装(酸素)魚雷,未装備,装備不可
舞風(まいかぜ),陽炎型 18番艦 駆逐艦,舞風(まいかぜ),16,6 / 19,45 / 79,0,高速,短,15,10 / 29,24 / 69,9 / 39,24 / 49,6 / 19,10 / 49,20,12.7cm連装砲,25mm連装機銃,装備不可,装備不可
舞風 改(まいかぜ),陽炎型 18番艦 駆逐艦,舞風 改(まいかぜ),32,-- / 49,47 / 89,0,高速,短,15,-- / 49,-- / 79,-- / 49,27 / 72,8 / 39,12 / 59,20,10cm連装高角砲,61cm四連装(酸素)魚雷,未装備,装備不可
秋雲(あきぐも),陽炎型 19番艦 駆逐艦,秋雲(あきぐも),16,6 / 19,45 / 79,0,高速,短,15,10 / 29,24 / 69,9 / 39,24 / 49,6 / 19,14 / 49,20,12.7cm連装砲,25mm連装機銃,装備不可,装備不可
秋雲 改(あきぐも),陽炎型 19番艦 駆逐艦,秋雲 改(あきぐも),32,-- / 49,47 / 89,0,高速,短,15,-- / 44,-- / 79,-- / 59,27 / 64,8 / 39,15 / 59,20,61cm四連装(酸素)魚雷,25mm三連装機銃,未装備,装備不可
秋雲 改二(あきぐも),陽炎型 19番艦 駆逐艦,秋雲 改二(あきぐも),33,-- / 53,47 / 91,0,高速,短,15,18 / 65,30 / 91,18 / 64,28 / 75,10 / 42,18 / 76,20,12.7cm連装砲C型改二,61cm四連装(酸素)魚雷,二式爆雷,装備不可
夕雲(ゆうぐも),夕雲型 1番艦 駆逐艦,夕雲(ゆうぐも),16,6 / 19,47 / 80,0,高速,短,15,10 / 30,24 / 69,9 / 39,27 / 52,6 / 19,12 / 49,20,12.7cm連装砲,25mm連装機銃,装備不可,装備不可
夕雲 改(ゆうぐも),夕雲型 1番艦 駆逐艦,夕雲 改(ゆうぐも),32,-- / 49,48 / 90,0,高速,短,15,-- / 50,-- / 80,-- / 50,29 / 67,9 / 42,12 / 59,20,61cm四連装(酸素)魚雷,22号対水上電探,未装備,装備不可
夕雲 改二(ゆうぐも),夕雲型 1番艦 駆逐艦,夕雲 改二(ゆうぐも),33,-- / 53,48 / 93,0,高速,短,15,18 / 67,30 / 87,20 / 66,30 / 77,12 / 45,18 / 74,20,12.7cm連装砲D型改二,61cm四連装(酸素)魚雷,13号対空電探改,装備不可
巻雲(まきぐも),夕雲型 2番艦 駆逐艦,巻雲(まきぐも),16,6 / 19,47 / 80,0,高速,短,15,10 / 30,24 / 69,9 / 39,27 / 52,6 / 19,11 / 49,20,12.7cm連装砲,25mm連装機銃,装備不可,装備不可
巻雲 改(まきぐも),夕雲型 2番艦 駆逐艦,巻雲 改(まきぐも),32,-- / 49,48 / 90,0,高速,短,15,-- / 50,-- / 80,-- / 50,29 / 67,9 / 42,12 / 59,20,61cm四連装(酸素)魚雷,三式水中探信儀,未装備,装備不可
巻雲 改二(まきぐも),夕雲型 2番艦 駆逐艦,巻雲 改二(まきぐも),33,-- / 53,48 / 89,0,高速,短,15,18 / 64,30 / 90,20 / 65,30 / 72,11 / 43,16 / 70,20,12.7cm連装砲D型改二,61cm四連装(酸素)魚雷,探照灯,装備不可
風雲(かざぐも),夕雲型 3番艦 駆逐艦,風雲(かざぐも),16,6 / 19,47 / 80,0,高速,短,15,10 / 30,25 / 70,10 / 40,27 / 52,6 / 19,13 / 54,20,12.7cm連装砲,25mm連装機銃,装備不可,装備不可
風雲 改(かざぐも),夕雲型 3番艦 駆逐艦,風雲 改(かざぐも),32,-- / 49,48 / 90,0,高速,短,15,-- / 50,-- / 81,-- / 51,30 / 69,9 / 42,14 / 69,20,熟練見張員,22号対水上電探,13号対空電探,装備不可
風雲 改二(かざぐも),夕雲型 3番艦 駆逐艦,風雲 改二(かざぐも),33,-- / 53,48 / 92,0,高速,短,15,18 / 66,30 / 89,20 / 67,29 / 78,10 / 45,20 / 78,20,12.7cm連装砲D型改二,61cm四連装(酸素)魚雷,三式爆雷投射機,装備不可
長波(ながなみ),夕雲型 4番艦 駆逐艦,長波(ながなみ),16,6 / 19,47 / 80,0,高速,短,15,10 / 30,24 / 69,9 / 39,27 / 52,6 / 19,13 / 49,20,12.7cm連装砲,25mm連装機銃,装備不可,装備不可
長波 改(ながなみ),夕雲型 4番艦 駆逐艦,長波 改(ながなみ),32,-- / 49,48 / 90,0,高速,短,15,-- / 50,-- / 80,-- / 50,29 / 67,9 / 42,14 / 59,20,61cm四連装(酸素)魚雷,三式水中探信儀,未装備,装備不可
長波 改二(ながなみ),夕雲型 4番艦 駆逐艦,長波 改二(ながなみ),33,-- / 53,48 / 91,0,高速,短,15,18 / 69,30 / 89,20 / 64,30 / 68,10 / 44,30 / 80,20,12.7cm連装砲D型改二,61cm四連装(酸素)魚雷,25mm連装機銃,装備不可
巻波(まきなみ),夕雲型 5番艦 駆逐艦,巻波(まきなみ),16,6 / 19,43 / 77,0,高速,短,15,10 / 32,24 / 68,11 / 46,24 / 54,9 / 23,8 / 49,20,12.7cm連装砲,25mm連装機銃,装備不可,装備不可
巻波 改(まきなみ),夕雲型 5番艦 駆逐艦,巻波 改(まきなみ),32,-- / 49,35 / 85,0,高速,短,15,-- / 53,-- / 81,-- / 56,27 / 66,11 / 54,9 / 53,20,22号対水上電探,61cm四連装(酸素)魚雷,25mm連装機銃,装備不可
高波(たかなみ),夕雲型 6番艦 駆逐艦,高波(たかなみ),16,6 / 19,47 / 80,0,高速,短,15,10 / 30,24 / 69,9 / 39,27 / 52,9 / 24,8 / 44,20,12.7cm連装砲,25mm連装機銃,装備不可,装備不可
高波 改(たかなみ),夕雲型 6番艦 駆逐艦,高波 改(たかなみ),32,-- / 49,48 / 90,0,高速,短,15,-- / 51,-- / 80,-- / 50,29 / 67,13 / 54,10 / 57,20,熟練見張員,22号対水上電探,13号対空電探,装備不可
高波 改二(たかなみ),夕雲型 6番艦 駆逐艦,高波 改二(たかなみ),33,-- / 53,48 / 90,0,高速,短,15,16 / 68,30 / 86,20 / 62,30 / 72,14 / 58,12 / 72,20,12.7cm連装砲D型改二,61cm四連装(酸素)魚雷,熟練見張員,装備不可
涼波(すずなみ),夕雲型 10番艦 駆逐艦,涼波(すずなみ),16,6 / 19,42 / 74,0,高速,短,15,10 / 32,24 / 69,12 / 41,24 / 55,9 / 22,6 / 46,20,12.7cm連装砲,25mm連装機銃,装備不可,装備不可
涼波 改(すずなみ),夕雲型 10番艦 駆逐艦,涼波 改(すずなみ),32,-- / 48,37 / 79,0,高速,短,15,-- / 52,-- / 82,-- / 54,26 / 69,10 / 54,7 / 50,20,13号対空電探,25mm連装機銃,九四式爆雷投射機,装備不可
藤波(ふじなみ),夕雲型 11番艦 駆逐艦,藤波(ふじなみ),16,6 / 19,46 / 79,0,高速,短,15,10 / 31,24 / 69,12 / 42,26 / 53,9 / 24,9 / 49,20,12.7cm連装砲,25mm連装機銃,装備不可,装備不可
藤波 改(ふじなみ),夕雲型 11番艦 駆逐艦,藤波 改(ふじなみ),32,-- / 49,47 / 89,0,高速,短,15,-- / 52,-- / 79,-- / 60,28 / 66,12 / 56,11 / 57,20,22号対水上電探,13号対空電探,25mm連装機銃,装備不可
早波(はやなみ),夕雲型 12番艦 駆逐艦,早波(はやなみ),16,6 / 19,44 / 79,0,高速,短,15,10 / 30,24 / 68,12 / 44,25 / 54,9 / 23,9 / 46,20,12.7cm連装砲,25mm連装機銃,装備不可,装備不可
早波 改(はやなみ),夕雲型 12番艦 駆逐艦,早波 改(はやなみ),32,-- / 49,45 / 88,0,高速,短,15,-- / 51,-- / 80,-- / 58,26 / 69,12 / 55,10 / 55,20,九三式水中聴音機,九四式爆雷投射機,九五式爆雷,装備不可
浜波(はまなみ),夕雲型 13番艦 駆逐艦,浜波(はまなみ),16,6 / 19,46 / 80,0,高速,短,15,10 / 31,24 / 68,12 / 43,26 / 52,9 / 24,10 / 50,20,12.7cm連装砲,25mm連装機銃,装備不可,装備不可
浜波 改(はまなみ),夕雲型 13番艦 駆逐艦,浜波 改(はまなみ),32,-- / 49,47 / 90,0,高速,短,15,-- / 52,-- / 78,-- / 59,28 / 65,12 / 56,12 / 58,20,22号対水上電探,13号対空電探,25mm連装機銃,装備不可
沖波(おきなみ),夕雲型 14番艦 駆逐艦,沖波(おきなみ),16,6 / 19,47 / 80,0,高速,短,15,10 / 30,24 / 69,9 / 38,28 / 53,7 / 21,10 / 49,20,12.7cm連装砲,25mm連装機銃,装備不可,装備不可
沖波 改(おきなみ),夕雲型 14番艦 駆逐艦,沖波 改(おきなみ),32,19 / 49,48 / 90,0,高速,短,15,17 / 50,42 / 81,25 / 50,32 / 70,9 / 42,12 / 59,20,13号対空電探,22号対水上電探,25mm三連装機銃,装備不可
沖波 改二(おきなみ),夕雲型 14番艦 駆逐艦,沖波 改二(おきなみ),33,-- / 53,48 / 93,0,高速,短,15,18 / 65,30 / 87,18 / 71,29 / 79,10 / 44,22 / 88,20,12.7cm連装砲D型改二,61cm四連装(酸素)魚雷,三式水中探信儀,装備不可
岸波(きしなみ),夕雲型 15番艦 駆逐艦,岸波(きしなみ),16,6 / 19,46 / 80,0,高速,短,15,10 / 31,24 / 68,12 / 43,26 / 54,9 / 24,10 / 50,20,12.7cm連装砲,25mm連装機銃,装備不可,装備不可
岸波 改(きしなみ),夕雲型 15番艦 駆逐艦,岸波 改(きしなみ),32,-- / 49,48 / 90,0,高速,短,15,-- / 50,-- / 80,-- / 56,30 / 72,10 / 44,13 / 59,20,13号対空電探,九三式水中聴音機,九五式爆雷,装備不可
朝霜(あさしも),夕雲型 16番艦 駆逐艦,朝霜(あさしも),16,6 / 19,47 / 80,0,高速,短,15,10 / 29,24 / 68,9 / 44,35 / 64,6 / 19,16 / 59,20,12.7cm連装砲,九三式水中聴音機,装備不可,装備不可
朝霜 改(あさしも),夕雲型 16番艦 駆逐艦,朝霜 改(あさしも),33,-- / 51,49 / 92,0,高速,短,15,-- / 50,-- / 78,-- / 62,35 / 79,10 / 43,18 / 74,20,12.7cm連装高角砲(後期型),三式水中探信儀,25mm三連装機銃,装備不可
朝霜 改二(あさしも),夕雲型 16番艦 駆逐艦,朝霜 改二(あさしも),33,-- / 53,47 / 94,0,高速,短,15,18 / 68,30 / 88,18 / 72,29 / 76,10 / 43,28 / 86,20,12.7cm連装砲D型改二,13号対空電探改,25mm三連装機銃 集中配備,装備不可
早霜(はやしも),夕雲型 17番艦 駆逐艦,早霜(はやしも),16,6 / 19,47 / 80,0,高速,短,15,10 / 30,24 / 69,9 / 39,27 / 52,6 / 19,11 / 49,20,12.7cm連装砲,25mm連装機銃,装備不可,装備不可
早霜 改(はやしも),夕雲型 17番艦 駆逐艦,早霜 改(はやしも),32,-- / 49,48 / 90,0,高速,短,15,-- / 50,-- / 80,-- / 50,29 / 67,9 / 42,12 / 59,20,22号対水上電探,九四式爆雷投射機,13号対空電探,装備不可
秋霜(あきしも),夕雲型 18番艦 駆逐艦,秋霜(あきしも),16,6 / 19,46 / 81,0,高速,短,15,10 / 30,24 / 69,8 / 40,27 / 53,6 / 20,11 / 49,20,12.7cm連装砲,25mm連装機銃,装備不可,装備不可
秋霜 改(あきしも),夕雲型 18番艦 駆逐艦,秋霜 改(あきしも),32,-- / 49,47 / 91,0,高速,短,15,-- / 50,-- / 80,-- / 50,28 / 68,9 / 43,12 / 59,20,22号対水上電探,九四式爆雷投射機,13号対空電探,装備不可
清霜(きよしも),夕雲型 19番艦 駆逐艦,清霜(きよしも),16,6 / 19,47 / 80,0,高速,短,15,10 / 30,24 / 69,9 / 39,27 / 52,6 / 19,12 / 49,20,12.7cm連装砲,25mm連装機銃,装備不可,装備不可
清霜 改(きよしも),夕雲型 19番艦 駆逐艦,清霜 改(きよしも),32,-- / 49,48 / 90,0,高速,短,15,-- / 50,-- / 80,-- / 50,29 / 67,9 / 42,13 / 59,20,22号対水上電探,三式水中探信儀,13号対空電探,装備不可
秋月(あきづき),秋月型 1番艦 駆逐艦,秋月(あきづき),20,9 / 27,47 / 84,0,高速,短,20,16 / 48,16 / 48,70 / 104,27 / 63,9 / 29,10 / 59,25,10cm高角砲＋高射装置,61cm四連装(酸素)魚雷,25mm連装機銃,装備不可
秋月 改(あきづき),秋月型 1番艦 駆逐艦,秋月 改(あきづき),37,-- / 53,48 / 88,0,高速,短,20,-- / 57,-- / 54,-- / 116,30 / 72,10 / 49,12 / 69,25,10cm高角砲＋高射装置,13号対空電探改,25mm三連装機銃,装備不可
照月(てるづき),秋月型 2番艦 駆逐艦,照月(てるづき),20,9 / 26,47 / 83,0,高速,短,20,16 / 49,16 / 49,70 / 103,27 / 63,9 / 29,9 / 49,25,10cm高角砲＋高射装置,61cm四連装(酸素)魚雷,25mm連装機銃,装備不可
照月 改(てるづき),秋月型 2番艦 駆逐艦,照月 改(てるづき),37,-- / 52,48 / 87,0,高速,短,20,-- / 58,-- / 56,-- / 114,30 / 72,10 / 49,11 / 59,25,10cm高角砲＋高射装置,13号対空電探改,25mm三連装機銃,装備不可
涼月(すずつき),秋月型 3番艦 駆逐艦,涼月(すずつき),21,10 / 29,45 / 83,0,高速,短,20,16 / 47,16 / 46,70 / 102,25 / 61,8 / 27,27 / 67,25,10cm高角砲＋高射装置,13号対空電探,25mm三連装機銃,装備不可
涼月 改(すずつき),秋月型 3番艦 駆逐艦,涼月 改(すずつき),38,-- / 55,51 / 91,0,高速,短,20,22 / 56,22 / 52,82 / 116,28 / 71,9 / 48,37 / 90,25,10cm高角砲＋高射装置,13号対空電探改,25mm三連装機銃,装備不可
初月(はつづき),秋月型 4番艦 駆逐艦,初月(はつづき),20,9 / 28,48 / 85,0,高速,短,20,18 / 50,15 / 47,70 / 101,26 / 62,8 / 28,7 / 47,25,10cm高角砲＋高射装置,61cm四連装(酸素)魚雷,25mm三連装機銃,装備不可
初月 改(はつづき),秋月型 4番艦 駆逐艦,初月 改(はつづき),37,-- / 54,49 / 89,0,高速,短,20,-- / 60,-- / 54,-- / 110,30 / 72,10 / 49,8 / 71,25,10cm高角砲＋高射装置,13号対空電探改,25mm三連装機銃,装備不可
島風(しまかぜ),島風型 1番艦 駆逐艦,島風(しまかぜ),19,8 / 29,50 / 99,0,高速,短,20,12 / 29,45 / 89,14 / 49,24 / 49,7 / 19,10 / 49,25,12.7cm連装砲,22号対水上電探,装備不可,装備不可
島風 改(しまかぜ),島風型 1番艦 駆逐艦,島風 改(しまかぜ),36,-- / 59,55 / 99,0,高速,短,20,-- / 59,-- / 99,-- / 59,27 / 59,9 / 39,12 / 59,25,13号対空電探,九三式水中聴音機,25mm三連装機銃,装備不可
松(まつ),松型 1番艦 駆逐艦,松(まつ),14,5 / 22,35 / 70,0,高速,短,15,5 / 26,16 / 60,22 / 60,30 / 75,10 / 25,14 / 58,15,12.7cm単装高角砲(後期型),未装備,装備不可,装備不可
松 改(まつ),松型 1番艦 駆逐艦,松 改(まつ),27,-- / 55,38 / 83,0,高速,短,15,-- / 42,-- / 72,-- / 74,35 / 80,15 / 45,18 / 68,15,12.7cm単装高角砲(後期型),25mm単装機銃,13号対空電探,装備不可
竹(たけ),松型 2番艦 駆逐艦,竹(たけ),14,5 / 22,34 / 71,0,高速,短,15,5 / 25,19 / 79,19 / 58,29 / 74,9 / 24,28 / 88,15,12.7cm単装高角砲(後期型),未装備,装備不可,装備不可
竹 改(たけ),松型 2番艦 駆逐艦,竹 改(たけ),26 / 30,12 / 54,37 / 83,0,高速,短,15,7 / 42,30 / 98,28 / 71,34 / 79,14 / 43,38 / 108,15,12.7cm単装高角砲(後期型),61cm四連装(酸素)魚雷,未装備,装備不可
桃(もも),松型 4番艦 駆逐艦,桃(もも),14,5 / 22,31 / 69,0,高速,短,15,5 / 23,16 / 57,18 / 61,27 / 76,8 / 24,8 / 48,15,12.7cm単装高角砲(後期型),未装備,装備不可,装備不可
桃 改(もも),松型 4番艦 駆逐艦,桃 改(もも),26,-- / 55,36 / 82,0,高速,短,15,-- / 41,-- / 71,-- / 77,33 / 81,13 / 43,11 / 55,15,12.7cm単装高角砲(後期型),九四式爆雷投射機,九四式爆雷投射機,装備不可
Z1(レーベレヒト・マース),Z1型 1番艦 駆逐艦,Z1(レーベレヒト・マース),18,8 / 22,36 / 76,0,高速,短,20,8 / 26,24 / 60,12 / 42,32 / 64,6 / 24,6 / 39,20,12.7cm単装砲,未装備,未装備,装備不可
Z1 改(レーベレヒト・マース),Z1型 1番艦 駆逐艦,Z1 改(レーベレヒト・マース),33,-- / 45,41 / 79,0,高速,短,20,-- / 45,-- / 70,-- / 45,36 / 69,8 / 42,12 / 49,25,12.7cm単装砲,未装備,未装備,装備不可
Z1 zwei,Z1型 1番艦 駆逐艦,Z1 zwei,35,-- / 53,43 / 84,0,高速,短,20,12 / 49,27 / 71,20 / 64,37 / 69,9 / 43,15 / 49,25,2cm 四連装FlaK 38,12.7cm単装砲,未装備,装備不可
Z3(マックス・シュルツ),Z1型 3番艦 駆逐艦,Z3(マックス・シュルツ),18,8 / 22,36 / 76,0,高速,短,20,8 / 26,24 / 60,12 / 42,32 / 64,6 / 24,6 / 39,20,12.7cm単装砲,未装備,未装備,装備不可
Z3 改(マックス・シュルツ),Z1型 3番艦 駆逐艦,Z3 改(マックス・シュルツ),33,-- / 45,41 / 79,0,高速,短,20,-- / 45,-- / 70,-- / 45,36 / 69,8 / 42,12 / 49,25,12.7cm単装砲,未装備,未装備,装備不可
Z3 zwei(マックス・シュルツ),Z1型 3番艦 駆逐艦,Z3 zwei(マックス・シュルツ),35,-- / 53,43 / 84,0,高速,短,20,10 / 47,27 / 71,24 / 68,37 / 69,9 / 43,15 / 49,25,3.7cm FlaK M42,12.7cm単装砲,未装備,装備不可
Maestrale(マエストラーレ),Maestrale級 1番艦 駆逐艦,Maestrale(マエストラーレ),15,7 / 18,48 / 82,0,高速,短,15,9 / 27,22 / 58,11 / 41,30 / 60,7 / 20,14 / 74,20,120mm/50 連装砲,未装備,装備不可,装備不可
Maestrale 改,Maestrale級 1番艦 駆逐艦,Maestrale 改,29,-- / 50,49 / 93,0,高速,短,15,13 / 54,27 / 72,22 / 63,40 / 80,10 / 46,17 / 84,20,120mm/50 連装砲,120mm/50 連装砲,未装備,装備不可
Grecale(グレカーレ),Maestrale級 2番艦 駆逐艦,Grecale(グレカーレ),15,7 / 18,47 / 84,0,高速,短,15,9 / 26,22 / 57,10 / 40,30 / 60,7 / 20,14 / 90,20,120mm/50 連装砲,未装備,装備不可,装備不可
Grecale 改(グレカーレ),Maestrale級 2番艦 駆逐艦,Grecale 改(グレカーレ),29,15 / 50,18 / 94,0,高速,短,15,12 / 55,18 / 68,36 / 80,38 / 79,10 / 46,40 / 120,20,120mm/50 連装砲,120mm/50 連装砲,未装備,装備不可
Libeccio(リベッチオ),Maestrale級 3番艦 駆逐艦,Libeccio(リベッチオ),15,7 / 18,48 / 82,0,高速,短,15,9 / 27,22 / 58,11 / 41,30 / 60,7 / 20,12 / 59,20,120mm/50 連装砲,未装備,装備不可,装備不可
Libeccio 改(リベッチオ),Maestrale級 3番艦 駆逐艦,Libeccio 改(リベッチオ),29,-- / 50,50 / 92,0,高速,短,15,-- / 48,-- / 72,-- / 59,40 / 80,10 / 46,16 / 69,20,120mm/50 連装砲,120mm/50 連装砲,未装備,装備不可
Scirocco(シロッコ),Maestrale級 4番艦 駆逐艦,Scirocco(シロッコ),15,7 / 18,48 / 81,0,高速,短,15,9 / 27,22 / 58,11 / 41,29 / 60,7 / 20,9 / 49,20,120mm/50 連装砲,未装備,装備不可,装備不可
Scirocco 改(シロッコ),Maestrale級 4番艦 駆逐艦,Scirocco 改(シロッコ),28,-- / 50,47 / 92,0,高速,短,15,-- / 55,-- / 72,-- / 63,39 / 80,10 / 46,13 / 69,20,120mm/50 連装砲,120mm/50 連装砲,未装備,装備不可
Ташкент(タシュケント),Ташкент級 1番艦 駆逐艦,Ташкент(タシュケント),22,12 / 31,48 / 90,0,高速,中,15,18 / 50,12 / 48,20 / 52,33 / 55,7 / 36,40 / 90,30,130mm B-13連装砲,改良型艦本式タービン,強化型艦本式缶,装備不可
Ташкент 改(タシュケント),Ташкент級 1番艦 駆逐艦,Ташкент 改(タシュケント),39,-- / 56,50 / 94,0,高速,中,15,-- / 66,-- / 68,-- / 69,40 / 73,10 / 48,43 / 100,35,130mm B-13連装砲,533mm 三連装魚雷,改良型艦本式タービン,強化型艦本式缶
Jervis(ジャーヴィス),J級 1番艦 駆逐艦,Jervis(ジャーヴィス),15,7 / 18,46 / 79,0,高速,短,15,12 / 32,30 / 82,22 / 44,40 / 82,10 / 22,50 / 100,25,QF 4.7inch砲 Mk.XII改,未装備,装備不可,装備不可
Jervis 改(ジャーヴィス),J級 1番艦 駆逐艦,Jervis 改(ジャーヴィス),31,-- / 50,49 / 90,0,高速,短,15,-- / 52,-- / 90,-- / 70,55 / 92,12 / 52,55 / 110,25,QF 4.7inch砲 Mk.XII改,Type124 ASDIC,未装備,装備不可
Janus(ジェーナス),J級 5番艦 駆逐艦,Janus(ジェーナス),15,7 / 18,44 / 76,0,高速,短,15,12 / 33,30 / 82,22 / 42,40 / 83,10 / 20,17 / 67,25,QF 4.7inch砲 Mk.XII改,未装備,装備不可,装備不可
Janus 改(ジェーナス),J級 5番艦 駆逐艦,Janus 改(ジェーナス),31,-- / 50,47 / 86,0,高速,短,15,-- / 53,-- / 90,-- / 72,53  / 93,12 / 52,22 / 87,25,QF 4.7inch砲 Mk.XII改,Type144/147 ASDIC,未装備,装備不可
Fletcher(フレッチャー),Fletcher級 駆逐艦,Fletcher(フレッチャー),18,7 / 20,45 / 82,0,高速,短,20,12 / 31,20 / 60,32 / 62,50 / 83,20 / 33,30　/ 89,20,5inch単装砲 Mk.30,533mm五連装魚雷(初期型),装備不可,装備不可
Fletcher 改(フレッチャー),Fletcher級 駆逐艦,Fletcher 改(フレッチャー),35,-- / 52,46 / 90,0,高速,短,20,-- / 54,-- / 72,-- / 91,52 / 91,20 / 62,40 / 100,20,5inch単装砲 Mk.30 改,SG レーダー(初期型),未装備,装備不可
Fletcher 改 Mod.2,Fletcher級 駆逐艦,Fletcher 改 Mod.2,37,17 / 54,47 / 92,0,高速,短,20,16 / 60,29 / 86,45 / 92,52 / 93,22 / 64,47 / 113,25,未装備,未装備,未装備,装備不可
Fletcher Mk.II,改Fletcher級 駆逐艦,Fletcher Mk.II,38,17 / 56,47 / 94,0,高速,短,25,16 / 62,0 / 82,50 / 95,55 / 97,23 / 66,47 / 113,25,未装備,未装備,未装備,装備不可
Johnston(ジョンストン),Fletcher級 駆逐艦,Johnston(ジョンストン),17,7 / 20,45 / 81,0,高速,短,20,12 / 32,20 / 60,32 / 60,50 / 82,20 / 32,17　/ 70,20,5inch単装砲 Mk.30,533mm五連装魚雷(初期型),装備不可,装備不可
Johnston 改(ジョンストン),Fletcher級 駆逐艦,Johnston 改(ジョンストン),34,-- / 52,46 / 89,0,高速,短,20,-- / 55,-- / 72,-- / 90,52 / 90,20 / 60,40 / 82,20,5inch単装砲 Mk.30 改,SG レーダー(初期型),未装備,装備不可
Samuel B.Roberts,John C.Butler級 護衛駆逐艦,Samuel B.Roberts,14,5 / 17,38 / 80,0,低速,短,15,8 / 24,12 / 38,20 / 40,48 / 80,12 / 20,30 / 60,20,5inch単装砲 Mk.30,未装備,装備不可,装備不可
Samuel B.Roberts 改,John C.Butler級 護衛駆逐艦,Samuel B.Roberts 改,27,-- / 43,48 / 88,0,低速,短,15,-- / 50,-- / 70,-- / 60,50 / 88,14 / 48,40 / 80,20,5inch単装砲 Mk.30,未装備,未装備,装備不可
